id,title,description,availability,condition,price,sale_price,link,image_link,brand,item_group_id,color,size,material,product_type,additional_image_link,mpn,gender,age_group
"020f3404-9490-42b9-a26a-1b3c6c34cbf4","Grey , Black and Silver Kara Offwhite Double Mundu","Grey , Black and Silver Kara Offwhite Double Mundu","in stock","new","1485.00 INR","1337.00 INR","https://khadivasthra.com/product/grey-black-and-silver-kara-offwhite-double-mundu/","https://etjxdomvtsxrnbjmjzxz.supabase.co/storage/v1/object/public/product-images/1776683736459.jpg","Khadi Vasthra","","","","100% Cotton","Offwhite Double Mundu(4 Mtr)","https://etjxdomvtsxrnbjmjzxz.supabase.co/storage/v1/object/public/product-images/1776683739686.jpg","","unisex","adult"
"052fca15-f769-4219-aa03-0ca9eb16d183","Purple Geometric Flower White Single Mundu ","Purple Geometric Flower White Single Mundu","in stock","new","499.00 INR","449.00 INR","https://khadivasthra.com/product/purple-geometric-flower-white-single-mundu/","https://etjxdomvtsxrnbjmjzxz.supabase.co/storage/v1/object/public/product-images/1785596253079.png","Khadi Vasthra","","","","100% Cotton","Printed Mundu","","","unisex","adult"
"0625dc66-6f77-41bd-9494-a014f89ed1cd","Black Kara Offwhite Double Mundu","Black Kara Offwhite Double Mundu","in stock","new","1485.00 INR","1337.00 INR","https://khadivasthra.com/product/black-kara-offwhite-double-mundu/","https://etjxdomvtsxrnbjmjzxz.supabase.co/storage/v1/object/public/product-images/1776684097077.jpg","Khadi Vasthra","","","","100% Cotton","Offwhite Double Mundu(4 Mtr)","https://etjxdomvtsxrnbjmjzxz.supabase.co/storage/v1/object/public/product-images/1776684100909.jpg","","unisex","adult"
"07188545-e0d0-4eb0-873b-946587a3bee7","Green Khadi Full Sleeve Shirt","Green Khadi Shirt","in stock","new","1050.00 INR","945.00 INR","https://khadivasthra.com/product/green-khadi-full-sleeve-shirt/","https://etjxdomvtsxrnbjmjzxz.supabase.co/storage/v1/object/public/product-images/green-khadi-full-sleeve-shirt/1775145911107.jpg","Khadi Vasthra","","","","100% Cotton"," Shirts","https://etjxdomvtsxrnbjmjzxz.supabase.co/storage/v1/object/public/product-images/green-khadi-full-sleeve-shirt/1775145915638.jpg","","unisex","adult"
"0d207bd0-9a9f-4cfb-a1d7-30d4ee8974ad","Brown and Gloden Border 4.15 Mtr Offwhite Doubel Dhothi","Pure Cotton Double Dhothi in 4.15 Mtre , Perfect for Highwaist, Tall persons","out of stock","new","1485.00 INR","1040.00 INR","https://khadivasthra.com/product/brown-and-gloden-border-4-15-mtr-offwhite-doubel-dhothi/","https://etjxdomvtsxrnbjmjzxz.supabase.co/storage/v1/object/public/product-images/1784388663297.png","Khadi Vasthra","","","","100% Cotton","4.5m Double Mundu","https://etjxdomvtsxrnbjmjzxz.supabase.co/storage/v1/object/public/product-images/1784388666892.png","","unisex","adult"
"0e492fbd-6231-49d3-892d-1995131e6c2a","Poovu Set Mundu Blue (Womens Wear)","Cotton Body with Neriya kasavu lines with Blue and green flower Print","in stock","new","1090.00 INR","872.00 INR","https://khadivasthra.com/product/poovu-set-mundu-blue-womens-wear/","https://etjxdomvtsxrnbjmjzxz.supabase.co/storage/v1/object/public/product-images/1785421565372.png","Khadi Vasthra","","","","100% Cotton"," Set-Mundu","https://etjxdomvtsxrnbjmjzxz.supabase.co/storage/v1/object/public/product-images/1785421571561.png","","female","adult"
"103b021d-f698-4d96-9a82-4a501c0ba455","Grey Border Saadha Kodi Colour Single Mundu","Grey Border Saadha Kodi Colour Single Mundu","in stock","new","390.00 INR","332.00 INR","https://khadivasthra.com/product/grey-border-saadha-kodi-colour-single-mundu/","https://etjxdomvtsxrnbjmjzxz.supabase.co/storage/v1/object/public/product-images/1784216877122.png","Khadi Vasthra","","","","Cotton Mix","Single Mundu","","","unisex","adult"
"123833fa-fa14-470f-ae66-e3d30b6129ba","Kolam Print Maroon Border Kavi Single Mundu ","Kolam Print Maroon Border Kavi Single Mundu","in stock","new","380.00 INR","342.00 INR","https://khadivasthra.com/product/kolam-print-maroon-border-kavi-single-mundu/","https://etjxdomvtsxrnbjmjzxz.supabase.co/storage/v1/object/public/product-images/1785002917927.png","Khadi Vasthra","","","","100% Cotton","Printed Mundu","","","unisex","adult"
"14dc0ada-bddf-496a-a6fd-e19c79fb6781","Blue Kara Double White Mundu","Blue Kara Double White Mundu","in stock","new","1400.00 INR","1260.00 INR","https://khadivasthra.com/product/blue-kara-double-white-mundu/","https://etjxdomvtsxrnbjmjzxz.supabase.co/storage/v1/object/public/product-images/1775999394761.jpg","Khadi Vasthra","","","","100% Cotton","White Double Mundu(4Mtre)","","","unisex","adult"
"178ef384-994b-4410-a9b8-e78757e6ea48","Maroon Border Cotton Double White Mundu(4.10Mtre)","Maroon Border Cotton Double White Mundu(4.10Mtre)","in stock","new","1250.00 INR","1000.00 INR","https://khadivasthra.com/product/maroon-border-cotton-double-white-mundu-4-10mtre/","https://etjxdomvtsxrnbjmjzxz.supabase.co/storage/v1/object/public/product-images/1786814135939.png","Khadi Vasthra","","","","100% Cotton","White Double Mundu(4Mtre)","https://etjxdomvtsxrnbjmjzxz.supabase.co/storage/v1/object/public/product-images/1786814199552.png","","unisex","adult"
"1edcba94-1161-42d2-89b6-8b535a5d5ece","Orange Colour Khadi Full Sleeve Shirt - Orange / L","Orange Colour Khadi Full Sleeve Shirt","in stock","new","1050.00 INR","945.00 INR","https://khadivasthra.com/product/orange-colour-khadi-full-sleeve-shirt/?color=Orange&size=L","https://etjxdomvtsxrnbjmjzxz.supabase.co/storage/v1/object/public/product-images/orange-colour-khadi-full-sleeve-shirt-color/1774979181385.png","Khadi Vasthra","191bf7d7-a32c-4287-ab2c-ffda868059a2","Orange","L","100% Cotton"," Shirts","https://etjxdomvtsxrnbjmjzxz.supabase.co/storage/v1/object/public/product-images/orange-colour-khadi-full-sleeve-shirt/1775056738564.png","KV-ORANGE-ORA-L","unisex","adult"
"28220e94-809b-43e5-a75e-719e73cb1183","Orange Colour Khadi Full Sleeve Shirt - Orange / M","Orange Colour Khadi Full Sleeve Shirt","in stock","new","1050.00 INR","945.00 INR","https://khadivasthra.com/product/orange-colour-khadi-full-sleeve-shirt/?color=Orange&size=M","https://etjxdomvtsxrnbjmjzxz.supabase.co/storage/v1/object/public/product-images/orange-colour-khadi-full-sleeve-shirt-color/1774979181385.png","Khadi Vasthra","191bf7d7-a32c-4287-ab2c-ffda868059a2","Orange","M","100% Cotton"," Shirts","https://etjxdomvtsxrnbjmjzxz.supabase.co/storage/v1/object/public/product-images/orange-colour-khadi-full-sleeve-shirt/1775056738564.png","KV-ORANGE-ORA-M","unisex","adult"
"05026af6-322e-4d7b-81a7-1174a34b621b","Classic Floral Print Tissue Set Saree - Pink / 6M","Classic Floral Print Tissue Set Saree","out of stock","new","1700.00 INR","1190.00 INR","https://khadivasthra.com/product/classic-floral-print-tissue-set-saree/?color=Pink&size=6M","https://etjxdomvtsxrnbjmjzxz.supabase.co/storage/v1/object/public/product-images/classic-floral-print-tissue-set-saree-color/1785842569507.png","Khadi Vasthra","19b412fe-a26e-44f7-b5bd-22e377d5d89a","Pink","6M","Zari and Cotton","Set Saree","https://etjxdomvtsxrnbjmjzxz.supabase.co/storage/v1/object/public/product-images/classic-floral-print-tissue-set-saree-color/1785842570663.png,https://etjxdomvtsxrnbjmjzxz.supabase.co/storage/v1/object/public/product-images/1785842437617.png,https://etjxdomvtsxrnbjmjzxz.supabase.co/storage/v1/object/public/product-images/1785842438616.png","KV-CLASSI-PIN-6M","female","adult"
"0eae4d6a-d165-424b-a8e8-3f8e5ac4a35b","Classic Floral Print Tissue Set Saree - Violet / 6 M","Classic Floral Print Tissue Set Saree","in stock","new","1700.00 INR","1190.00 INR","https://khadivasthra.com/product/classic-floral-print-tissue-set-saree/?color=Violet&size=6+M","https://etjxdomvtsxrnbjmjzxz.supabase.co/storage/v1/object/public/product-images/classic-floral-print-tissue-set-saree-color/1785842535396.png","Khadi Vasthra","19b412fe-a26e-44f7-b5bd-22e377d5d89a","Violet","6 M","Zari and Cotton","Set Saree","https://etjxdomvtsxrnbjmjzxz.supabase.co/storage/v1/object/public/product-images/classic-floral-print-tissue-set-saree-color/1785842536870.png,https://etjxdomvtsxrnbjmjzxz.supabase.co/storage/v1/object/public/product-images/1785842437617.png,https://etjxdomvtsxrnbjmjzxz.supabase.co/storage/v1/object/public/product-images/1785842438616.png","KV-CLASSI-VIO-6 M","female","adult"
"ecae1b63-9521-409c-b864-3532dac0547f","Classic Floral Print Tissue Set Saree - Orange / 6 M","Classic Floral Print Tissue Set Saree","in stock","new","1700.00 INR","1190.00 INR","https://khadivasthra.com/product/classic-floral-print-tissue-set-saree/?color=Orange&size=6+M","https://etjxdomvtsxrnbjmjzxz.supabase.co/storage/v1/object/public/product-images/classic-floral-print-tissue-set-saree-color/1785842520034.png","Khadi Vasthra","19b412fe-a26e-44f7-b5bd-22e377d5d89a","Orange","6 M","Zari and Cotton","Set Saree","https://etjxdomvtsxrnbjmjzxz.supabase.co/storage/v1/object/public/product-images/1785842437617.png,https://etjxdomvtsxrnbjmjzxz.supabase.co/storage/v1/object/public/product-images/1785842438616.png","KV-CLASSI-ORA-6 M","female","adult"
"1a35775e-b870-4e4a-a10f-a6576a077276","Teal and Silver Kara Double White Mundu","Teal and Silver Kara Double White Mundu","in stock","new","1360.00 INR","1224.00 INR","https://khadivasthra.com/product/teal-and-silver-kara-double-white-mundu/","https://etjxdomvtsxrnbjmjzxz.supabase.co/storage/v1/object/public/product-images/1775998862182.jpg","Khadi Vasthra","","","","100% Cotton","White Double Mundu(4Mtre)","","","unisex","adult"
"20160f9f-c7bd-4681-97f2-056d1b99181d","Sphere Flower Ash Colour Border Kavi ","Sphere Flower Ash Colour Border Kavi","in stock","new","380.00 INR","342.00 INR","https://khadivasthra.com/product/sphere-flower-ash-colour-border-kavi/","https://etjxdomvtsxrnbjmjzxz.supabase.co/storage/v1/object/public/product-images/sphere-flower-ash-colour-border-kavi/1784227111666.png","Khadi Vasthra","","","","100% Cotton","Printed Mundu","","","unisex","adult"
"213ae215-f79f-43b8-9a69-2d3290009748","Green Border Kavi","Bottle Green Border Kavi","in stock","new","460.00 INR","414.00 INR","https://khadivasthra.com/product/bottle-green-border-kavi/","https://etjxdomvtsxrnbjmjzxz.supabase.co/storage/v1/object/public/product-images/1772033880118.jpg","Khadi Vasthra","","","","100% Cotton","Kavi Mundu","","","unisex","adult"
"25316a7c-5eb9-4897-9655-51ac2f74a3bd","Classic Peacock Blue Print White Mund","Classic Peacock Blue Print White Mund","in stock","new","499.00 INR","449.00 INR","https://khadivasthra.com/product/classic-peacock-blue-print-white-undu/","https://etjxdomvtsxrnbjmjzxz.supabase.co/storage/v1/object/public/product-images/1784216477717.png","Khadi Vasthra","","","","100% Cotton","Printed Mundu","","","unisex","adult"
"257365a1-318f-4a53-9c9d-c5ed130f1cbc","Orang and Beige Line  Cotton Shirt Bite (2 Mtr)","KHADI COTTON – SHIRT BIT * 100% Pure Khadi Cotton * 2 Metres Length * 58 Inch Width * Suitable for Half-Sleeve & Full-Sleeve Shirts * Lightweight & Breathable * Natural Khadi Texture & Finish *Pre-wash Before Stitching to account for natural shrinkage","in stock","new","540.00 INR","486.00 INR","https://khadivasthra.com/product/orang-and-beige-line-cotton-shirt-bite-2-mtr/","https://etjxdomvtsxrnbjmjzxz.supabase.co/storage/v1/object/public/product-images/1789646278487.png","Khadi Vasthra","","","","100% Cotton","Shirt Bit","","","unisex","adult"
"27a5759f-5a51-413e-8e39-dba4e96bec35","Red and Golden Veethikara Set-Mundu(Women's Wear)","Red and Golden Veethikara Set-Mundu","in stock","new","1260.00 INR","1134.00 INR","https://khadivasthra.com/product/red-and-golden-veethikara-set-mundu-women-s-wear/","https://etjxdomvtsxrnbjmjzxz.supabase.co/storage/v1/object/public/product-images/1774638653278.jpg","Khadi Vasthra","","","","Poly-Cotton"," Set-Mundu","https://etjxdomvtsxrnbjmjzxz.supabase.co/storage/v1/object/public/product-images/1774638657601.jpg","","female","adult"
"2d50b05a-10a2-43bc-8565-9c29b33983eb","Peach and Golden Border Offwhite 4.15 Mtre Double Dhothi","Pure Cotton Dhothi perfect for Highwaist , Tall Men","in stock","new","1485.00 INR","1188.00 INR","https://khadivasthra.com/product/peach-and-golden-border-offwhite-4-15-mtre-double-dhothi/","https://etjxdomvtsxrnbjmjzxz.supabase.co/storage/v1/object/public/product-images/1784388787525.png","Khadi Vasthra","","","","100% Cotton","4.5m Double Mundu","","","unisex","adult"
"2eef3e37-f972-4a61-ab0f-cf01fb9a14ef","Blue and Pastel Blue Kara Offwhite Double Mundu","Blue and Pastel Blue Kara Offwhite Double Mundu","in stock","new","1485.00 INR","1337.00 INR","https://khadivasthra.com/product/blue-and-pastel-blue-kara-offwhite-double-mundu/","https://etjxdomvtsxrnbjmjzxz.supabase.co/storage/v1/object/public/product-images/1776683808574.jpg","Khadi Vasthra","","","","100% Cotton","Offwhite Double Mundu(4 Mtr)","https://etjxdomvtsxrnbjmjzxz.supabase.co/storage/v1/object/public/product-images/1776683822222.jpg","","unisex","adult"
"323b7aa7-f28f-45f4-9216-79c063b73d08","Blue Green Khadi Cotton Shirt Bite (2Mtr)","KHADI COTTON – SHIRT BIT * 100% Pure Khadi Cotton * 2 Metres Length * 58 Inch Width * Suitable for Half-Sleeve & Full-Sleeve Shirts * Lightweight & Breathable * Natural Khadi Texture & Finish *Pre-wash Before Stitching to account for natural shrinkage","in stock","new","540.00 INR","486.00 INR","https://khadivasthra.com/product/blue-green-khadi-cotton-shirt-bite-2mtr/","https://etjxdomvtsxrnbjmjzxz.supabase.co/storage/v1/object/public/product-images/1789642725473.png","Khadi Vasthra","","","","100% Cotton","Shirt Bit","","","unisex","adult"
"337d1135-5682-4f52-9bf7-6310a4896864","Blue Kambikara Set-Mundu","Blue Kambikara Set-Mundu","in stock","new","1010.00 INR","859.00 INR","https://khadivasthra.com/product/blue-kambikara-set-mundu/","https://etjxdomvtsxrnbjmjzxz.supabase.co/storage/v1/object/public/product-images/1774717463116.jpg","Khadi Vasthra","","","","Poly-Cotton"," Set-Mundu","https://etjxdomvtsxrnbjmjzxz.supabase.co/storage/v1/object/public/product-images/1774717467963.jpg","","female","adult"
"37825c12-5318-4c62-8e50-08e3fc113c8e","Khadi Cotton Shirt Bit","*100% Pure Khadi Cotton *2 Metres Length | 58"" Width * Ideal for Half-Sleeve & Full-Sleeve Shirts *Breathable, Comfortable & Naturally Textured *Khadi cotton may have **natural shrinkage after washing *Pre-wash & soak in water before stitching** for better size accuracy * A natural fabric with an *authentic Khadi character*","in stock","new","540.00 INR","486.00 INR","https://khadivasthra.com/product/khadi-cotton-shirt-bite/","https://etjxdomvtsxrnbjmjzxz.supabase.co/storage/v1/object/public/product-images/1789478863709.png","Khadi Vasthra","","","","100% Cotton","Shirt Bit","","","unisex","adult"
"378c0900-2c16-4cfd-9d15-125aa860313e","Yellow and Grey Chuttikara Double white Mundu","Yellow and Grey Chuttikara Double white Mundu","out of stock","new","1600.00 INR","1440.00 INR","https://khadivasthra.com/product/yellow-and-grey-chuttikara-double-white-mundu/","https://etjxdomvtsxrnbjmjzxz.supabase.co/storage/v1/object/public/product-images/1776000718280.jpg","Khadi Vasthra","","","","100% Cotton","White Double Mundu(4Mtre)","","","unisex","adult"
"38233371-4ae5-4758-97b8-7b3bb1d19bfa","Golden Border With White Line Border White Double Mundu","Golden Border With White Line Border White Double Mundu","in stock","new","1185.00 INR","948.00 INR","https://khadivasthra.com/product/golden-border-with-white-line-border-white-double-mundu/","https://etjxdomvtsxrnbjmjzxz.supabase.co/storage/v1/object/public/product-images/1786188172881.png","Khadi Vasthra","","","","100% Cotton","White Double Mundu(4Mtre)","","","unisex","adult"
"65c62da4-cfa1-4e4c-b9a1-a579962bfe6e","Green Linen Shirt - Green / M","Green Linen Shirt","in stock","new","1299.00 INR","1104.00 INR","https://khadivasthra.com/product/green-linen-shirt/?color=Green&size=M","https://etjxdomvtsxrnbjmjzxz.supabase.co/storage/v1/object/public/product-images/green-linen-shirt-color/1775056605743.png","Khadi Vasthra","38ee7e69-6b14-41c9-9146-94b15d6afec1","Green","M","100% Linen"," Shirts","https://etjxdomvtsxrnbjmjzxz.supabase.co/storage/v1/object/public/product-images/1774782585511.png,https://etjxdomvtsxrnbjmjzxz.supabase.co/storage/v1/object/public/product-images/1774782591848.png","KV-GREEN--GRE-M","unisex","adult"
"6f177adc-364b-481a-ab9f-44420776a147","Green Linen Shirt - Green / L","Green Linen Shirt","in stock","new","1299.00 INR","1104.00 INR","https://khadivasthra.com/product/green-linen-shirt/?color=Green&size=L","https://etjxdomvtsxrnbjmjzxz.supabase.co/storage/v1/object/public/product-images/green-linen-shirt-color/1775056605743.png","Khadi Vasthra","38ee7e69-6b14-41c9-9146-94b15d6afec1","Green","L","100% Linen"," Shirts","https://etjxdomvtsxrnbjmjzxz.supabase.co/storage/v1/object/public/product-images/1774782585511.png,https://etjxdomvtsxrnbjmjzxz.supabase.co/storage/v1/object/public/product-images/1774782591848.png","KV-GREEN--GRE-L","unisex","adult"
"3b41cae8-172d-4110-9f27-f236baac8302","Orange Mughal Print Set Mundu","Orange Mughal Print Set Mundu","in stock","new","1340.00 INR","1072.00 INR","https://khadivasthra.com/product/orange-mughal-print-set-mundu/","https://etjxdomvtsxrnbjmjzxz.supabase.co/storage/v1/object/public/product-images/1785421423396.png","Khadi Vasthra","","","","100% Cotton"," Set-Mundu","https://etjxdomvtsxrnbjmjzxz.supabase.co/storage/v1/object/public/product-images/1785421427968.png","","female","adult"
"3b57a6f8-df93-4f19-8bdb-87ec65d21ece","Orange  and Green Flower Borderless Printed Set Mundu(Womens Wear)","Offwhite Cotton Body with Green and Orange colour screen Printed SetMundu","in stock","new","920.00 INR","736.00 INR","https://khadivasthra.com/product/orange-and-green-flower-borderless-printed-set-mundu-womens-wear/","https://etjxdomvtsxrnbjmjzxz.supabase.co/storage/v1/object/public/product-images/1785421642518.png","Khadi Vasthra","","","","100% Cotton"," Set-Mundu","https://etjxdomvtsxrnbjmjzxz.supabase.co/storage/v1/object/public/product-images/1785421646075.png","","female","adult"
"3cbd6f7f-8878-4048-90e2-e759c643af57","Blue Lotus Print kasavu border Set Saree","Blue Lotus Print kasavu border Set Saree","in stock","new","980.00 INR","784.00 INR","https://khadivasthra.com/product/blue-lotus-print-kasavu-border-set-saree/","https://etjxdomvtsxrnbjmjzxz.supabase.co/storage/v1/object/public/product-images/1785421110555.png","Khadi Vasthra","","","","100% Cotton","Set Saree","https://etjxdomvtsxrnbjmjzxz.supabase.co/storage/v1/object/public/product-images/1785421119349.png","","female","adult"
"3e09afd2-8d7f-47c1-b82b-a8ecabe9cd84","Violet Aanathari Set Saree","Cotton Set Saree with Screen Print","in stock","new","1950.00 INR","1560.00 INR","https://khadivasthra.com/product/violet-aanathari-set-saree/","https://etjxdomvtsxrnbjmjzxz.supabase.co/storage/v1/object/public/product-images/1785420200783.png","Khadi Vasthra","","","","100% Cotton","Set Saree","https://etjxdomvtsxrnbjmjzxz.supabase.co/storage/v1/object/public/product-images/1785420204875.png","","female","adult"
"3e1f5c5b-5853-4679-99d7-e066d5a38a7a","Green Geometric Print Single White Mundu","Green Geometric Print Single White Mundu","in stock","new","450.00 INR","405.00 INR","https://khadivasthra.com/product/green-geometric-print-single-white-mundu/","https://etjxdomvtsxrnbjmjzxz.supabase.co/storage/v1/object/public/product-images/1774868644484.jpg","Khadi Vasthra","","","","100% Cotton","Printed Mundu","","","unisex","adult"
"40585b28-c060-4054-91c3-d21977c7cbbc","Milky White Single Mundu","Milky White Single Mundu","in stock","new","440.00 INR","374.00 INR","https://khadivasthra.com/product/milky-white-single-mundu/","https://etjxdomvtsxrnbjmjzxz.supabase.co/storage/v1/object/public/product-images/1784217237055.png","Khadi Vasthra","","","","100% Cotton","Single Mundu","","","unisex","adult"
"4396ad53-d741-4deb-b035-976c1687abb3","Varna Kudamattam Premium Set Saree","Cotton Set Saree with Kasavu Border , With Embroidery and Hand Painting","in stock","new","1980.00 INR","1584.00 INR","https://khadivasthra.com/product/varna-kudamattam-premium-set-saree/","https://etjxdomvtsxrnbjmjzxz.supabase.co/storage/v1/object/public/product-images/1785419918732.png","Khadi Vasthra","","","","100% Cotton","Set Saree","https://etjxdomvtsxrnbjmjzxz.supabase.co/storage/v1/object/public/product-images/1785419924414.png,https://etjxdomvtsxrnbjmjzxz.supabase.co/storage/v1/object/public/product-images/1785419926003.png,https://etjxdomvtsxrnbjmjzxz.supabase.co/storage/v1/object/public/product-images/1785419928574.png","","female","adult"
"43bb295f-b281-4e82-acd6-a4c5a53180d8","Light Grey and Silver Kara Handloom Cream Colour Mundu","Light Grey and Silver Kara Handloom Cream Colour Mundu","in stock","new","1485.00 INR","1337.00 INR","https://khadivasthra.com/product/light-grey-and-silver-kara-handloom-cream-colour-mundu/","https://etjxdomvtsxrnbjmjzxz.supabase.co/storage/v1/object/public/product-images/1776681617573.jpg","Khadi Vasthra","","","","100% Cotton","Offwhite Double Mundu(4 Mtr)","https://etjxdomvtsxrnbjmjzxz.supabase.co/storage/v1/object/public/product-images/1776681621239.jpg","","unisex","adult"
"1db54e38-85a6-41e6-85c3-3a543e61b090","Violet Thick Garden  - Violet / 2M","Violet Thick Garden","in stock","new","1800.00 INR","1260.00 INR","https://khadivasthra.com/product/violet-thick-garden/?color=Violet&size=2M","https://etjxdomvtsxrnbjmjzxz.supabase.co/storage/v1/object/public/product-images/violet-thick-garden-color/1785843055678.png","Khadi Vasthra","44331fc1-16d8-4b9a-b81b-300e5411700d","Violet","2M","100% Cotton"," Set-Mundu","https://etjxdomvtsxrnbjmjzxz.supabase.co/storage/v1/object/public/product-images/violet-thick-garden-color/1785843056799.png,https://etjxdomvtsxrnbjmjzxz.supabase.co/storage/v1/object/public/product-images/violet-thick-garden-color/1785843057671.png,https://etjxdomvtsxrnbjmjzxz.supabase.co/storage/v1/object/public/product-images/1785842975146.png,https://etjxdomvtsxrnbjmjzxz.supabase.co/storage/v1/object/public/product-images/1785842979720.png","KV-VIOLET-VIO-2M","female","adult"
"cf3812e3-ebdc-48c9-a847-d760e7e775b8","Violet Thick Garden  - Red / 2M","Violet Thick Garden","in stock","new","1800.00 INR","1260.00 INR","https://khadivasthra.com/product/violet-thick-garden/?color=Red&size=2M","https://etjxdomvtsxrnbjmjzxz.supabase.co/storage/v1/object/public/product-images/violet-thick-garden-color/1785843084404.png","Khadi Vasthra","44331fc1-16d8-4b9a-b81b-300e5411700d","Red","2M","100% Cotton"," Set-Mundu","https://etjxdomvtsxrnbjmjzxz.supabase.co/storage/v1/object/public/product-images/violet-thick-garden-color/1785843085499.png,https://etjxdomvtsxrnbjmjzxz.supabase.co/storage/v1/object/public/product-images/1785842975146.png,https://etjxdomvtsxrnbjmjzxz.supabase.co/storage/v1/object/public/product-images/1785842979720.png","KV-VIOLET-RED-2M","female","adult"
"d4cb1f5b-456c-4d60-ba5e-5e329e2f8996","Pastel PinkColour Half Sleeve Khadi Shirt - Pink / M","Purple Colour Half Sleeve Khadi Shirt","in stock","new","1050.00 INR","945.00 INR","https://khadivasthra.com/product/pastel-pinkcolour-half-sleeve-khadi-shirt/?color=Pink&size=M","https://etjxdomvtsxrnbjmjzxz.supabase.co/storage/v1/object/public/product-images/purple-colour-half-sleeve-khadi-shirt-color/1774978986862.png","Khadi Vasthra","4576d1fa-b42a-4233-8ed8-d79cee3fa5a6","Pink","M","100% Cotton"," Shirts","https://etjxdomvtsxrnbjmjzxz.supabase.co/storage/v1/object/public/product-images/pastel-pinkcolour-half-sleeve-khadi-shirt/1775063102383.png","KV-PASTEL-PIN-M","unisex","adult"
"47fcb00d-a53b-4255-a991-8d5c1bb619f7","Yellow and Silver Kara Offwhite Double Mundu","Yellow and Silver Kara Offwhite Double Mundu","in stock","new","1485.00 INR","1337.00 INR","https://khadivasthra.com/product/yellow-and-silver-kara-offwhite-double-mundu/","https://etjxdomvtsxrnbjmjzxz.supabase.co/storage/v1/object/public/product-images/1776681704988.jpg","Khadi Vasthra","","","","100% Cotton","Offwhite Double Mundu(4 Mtr)","https://etjxdomvtsxrnbjmjzxz.supabase.co/storage/v1/object/public/product-images/1776681708940.jpg","","unisex","adult"
"4812faae-6a18-427f-a04c-a94911920170","Dark Green Khaid Cotton Shirt Bite(2 Mtr)","KHADI COTTON – SHIRT BIT * 100% Pure Khadi Cotton * 2 Metres Length * 58 Inch Width * Suitable for Half-Sleeve & Full-Sleeve Shirts * Lightweight & Breathable * Natural Khadi Texture & Finish *Pre-wash Before Stitching to account for natural shrinkage","in stock","new","540.00 INR","432.00 INR","https://khadivasthra.com/product/dark-green-khaid-cotton-shirt-bite-2-mtr/","https://etjxdomvtsxrnbjmjzxz.supabase.co/storage/v1/object/public/product-images/1789643610179.png","Khadi Vasthra","","","","100% cotton","Shirt Bit","","","unisex","adult"
"493e2c00-1b3c-4530-b7d7-7b4ff0d19145","Dark Green and Line Khadi Cotton Shirt Bit (2Mtr)","Dark Green and Line Khadi Cotton Shirt Bit (2Mtr)","in stock","new","540.00 INR","486.00 INR","https://khadivasthra.com/product/dark-green-and-line-khadi-cotton-shirt-bit-2mtr/","https://etjxdomvtsxrnbjmjzxz.supabase.co/storage/v1/object/public/product-images/1789645845021.png","Khadi Vasthra","","","","100% Cotton","Shirt Bit","","","unisex","adult"
"4da4773d-d1c0-4c6e-ba0e-e14cdddbb864","Brown Single Lungi (2M)","Brown Single Lungi (2M)","in stock","new","360.00 INR","324.00 INR","https://khadivasthra.com/product/brown-single-lungi-2m/","https://etjxdomvtsxrnbjmjzxz.supabase.co/storage/v1/object/public/product-images/1786819232044.png","Khadi Vasthra","","","","100% Cotton","Single Mundu","","","unisex","adult"
"543baa0f-b5bf-4186-955d-3bccd18de334","Sky Blue Khadi Cotton Shirt Bit(2mtr)","KHADI COTTON – SHIRT BIT * 100% Pure Khadi Cotton * 2 Metres Length * 58 Inch Width * Suitable for Half-Sleeve & Full-Sleeve Shirts * Lightweight & Breathable * Natural Khadi Texture & Finish *Pre-wash Before Stitching to account for natural shrinkage","in stock","new","540.00 INR","486.00 INR","https://khadivasthra.com/product/sky-blue-khadi-cotton-shirt-bit-2mtr/","https://etjxdomvtsxrnbjmjzxz.supabase.co/storage/v1/object/public/product-images/1789646454374.png","Khadi Vasthra","","","","100% Cotton","Shirt Bit","","","unisex","adult"
"54961857-bd3f-4843-93ce-edfcbc183dca","Violet Khadi Cotton 2 Mtr ","KHADI COTTON – SHIRT BIT * 100% Pure Khadi Cotton * 2 Metres Length * 58 Inch Width * Suitable for Half-Sleeve & Full-Sleeve Shirts * Lightweight & Breathable * Natural Khadi Texture & Finish *Pre-wash Before Stitching to account for natural shrinkage","in stock","new","540.00 INR","486.00 INR","https://khadivasthra.com/product/violet-khadi-cotton-2-mtr/","https://etjxdomvtsxrnbjmjzxz.supabase.co/storage/v1/object/public/product-images/1789642602126.png","Khadi Vasthra","","","","100% Cotton","Shirt Bit","","","unisex","adult"
"54dd3352-1ce9-4b76-96b5-b405d92a4152","Baby Violet Border Double (4M) Mundu","Baby Violet Border Double (4M) Mundu","in stock","new","1195.00 INR","956.00 INR","https://khadivasthra.com/product/baby-violet-border-double-4m-mundu/","https://etjxdomvtsxrnbjmjzxz.supabase.co/storage/v1/object/public/product-images/1786188765322.png","Khadi Vasthra","","","","100% Cotton","Offwhite Double Mundu(4 Mtr)","","","unisex","adult"
"54e7ee26-c71f-4429-9408-8ad51923326a","Aqua blue and Golden Kara Setu Mundu (Women's Wear)","Aqua blue and Golden Kara Setu Mundu (Women's Wear)","out of stock","new","950.00 INR","855.00 INR","https://khadivasthra.com/product/aqua-blue-and-golden-kara-setu-mundu-women-s-wear/","https://etjxdomvtsxrnbjmjzxz.supabase.co/storage/v1/object/public/product-images/1774639353724.jpg","Khadi Vasthra","","","","Poly-Cotton"," Set-Mundu","https://etjxdomvtsxrnbjmjzxz.supabase.co/storage/v1/object/public/product-images/1774639358009.jpg","","female","adult"
"55eb9572-3402-42c1-92cd-5dc1aacad71c","Green Blue Border Korva Kodi Colour Mundu ","Green Blue Border Korva Kodi Colour Mundu","out of stock","new","390.00 INR","312.00 INR","https://khadivasthra.com/product/green-blue-border-korva-kodi-colour-mundu/","https://etjxdomvtsxrnbjmjzxz.supabase.co/storage/v1/object/public/product-images/1784216686481.png","Khadi Vasthra","","","","Cotton Mix","Single Mundu","","","unisex","adult"
"5b29fd08-afef-4eaa-b9e6-94a35239d926","Blue Colour SIngle Lungi(2 M)","Blue Colour SIngle Lungi(2 M)","in stock","new","400.00 INR","360.00 INR","https://khadivasthra.com/product/blue-colour-single-lungi-2-m/","https://etjxdomvtsxrnbjmjzxz.supabase.co/storage/v1/object/public/product-images/1786818932658.png","Khadi Vasthra","","","","","Single Mundu","","","unisex","adult"
"5b453fcc-d2c9-43ce-8455-b48a0542fca7","Red and Golden Veethikara Set-Mundu(women's wear)","Red and Golden Veethikara Set-Mundu(women's wear)","in stock","new","1020.00 INR","867.00 INR","https://khadivasthra.com/product/red-and-golden-veethikara-set-mundu-women-s-wear-2/","https://etjxdomvtsxrnbjmjzxz.supabase.co/storage/v1/object/public/product-images/1774717602853.jpg","Khadi Vasthra","","","","Poly-Cotton"," Set-Mundu","https://etjxdomvtsxrnbjmjzxz.supabase.co/storage/v1/object/public/product-images/1774717608577.jpg","","female","adult"
"5c6e2387-4e92-44a1-94fa-0009321c791c","2 Mtr Shirt Bit","KHADI COTTON – SHIRT BIT * 100% Pure Khadi Cotton * 2 Metres Length * 58 Inch Width * Suitable for Half-Sleeve & Full-Sleeve Shirts * Lightweight & Breathable * Natural Khadi Texture & Finish *Pre-wash Before Stitching to account for natural shrinkage","in stock","new","540.00 INR","486.00 INR","https://khadivasthra.com/product/2-mtr-shirt-bit/","https://etjxdomvtsxrnbjmjzxz.supabase.co/storage/v1/object/public/product-images/1789646350922.png","Khadi Vasthra","","","","100% cotton","Shirt Bit","","","unisex","adult"
"5cc28a3d-0a28-4224-bd77-31bcc1edf440","2 Mtre Cotton Shirt Bite ","KHADI COTTON – SHIRT BIT *100% Pure Khadi Cotton * 2 Metres Length * 58 Inch Width * Suitable for Half-Sleeve & Full-Sleeve Shirts *Lightweight & Breathable * Natural Khadi Texture & Finish *Pre-wash Before Stitching to account for natural shrinkage","in stock","new","540.00 INR","486.00 INR","https://khadivasthra.com/product/2-mtre-cotton-shirt-bite/","https://etjxdomvtsxrnbjmjzxz.supabase.co/storage/v1/object/public/product-images/1789642140805.png","Khadi Vasthra","","","","100% Cotton","Shirt Bit","","","unisex","adult"
"63664146-b1e4-491f-8bc5-43dac43df6f8","Black Cotton  Shirt Bite","### **KHADI COTTON – SHIRT BIT** * **100% Pure Khadi Cotton** * **2 Metres Length** * **58 Inch Width** * Suitable for **Half-Sleeve & Full-Sleeve Shirts** * **Lightweight & Breathable** * Natural **Khadi Texture & Finish** * **Pre-wash Before Stitching** to account for natural shrinkage","in stock","new","540.00 INR","486.00 INR","https://khadivasthra.com/product/black-cotton-shirt-bite/","https://etjxdomvtsxrnbjmjzxz.supabase.co/storage/v1/object/public/product-images/1789642403758.png","Khadi Vasthra","","","","100% Cotton","Shirt Bit","","","unisex","adult"
"64d94718-6793-4f9c-9b40-58a44b44fc45","Maroon Kambi Kara Set-Mundu(Women's Wear)","Maroon Kambi Kara Set-Mundu(Women's Wear)","out of stock","new","1010.00 INR","859.00 INR","https://khadivasthra.com/product/maroon-kambi-kara-set-mundu-women-s-wear/","https://etjxdomvtsxrnbjmjzxz.supabase.co/storage/v1/object/public/product-images/1774717534156.jpg","Khadi Vasthra","","","","Poly-Cotton"," Set-Mundu","https://etjxdomvtsxrnbjmjzxz.supabase.co/storage/v1/object/public/product-images/1774717538243.jpg","","female","adult"
"652af481-a9f1-4884-b166-30997a605a0e","Blossom red and Kasavu Border Set Saree","Blossom red and Kasavu Border Set Saree","in stock","new","1580.00 INR","1264.00 INR","https://khadivasthra.com/product/blossom-red-and-kasavu-border-set-saree/","https://etjxdomvtsxrnbjmjzxz.supabase.co/storage/v1/object/public/product-images/1785420869791.png","Khadi Vasthra","","","","100% Cotton","Set Saree","https://etjxdomvtsxrnbjmjzxz.supabase.co/storage/v1/object/public/product-images/1785420879399.png","","female","adult"
"0b89499d-d636-49f8-9a45-bbc733008715","Kambikara Red Double (4M) Mundu  - Black / 4M","Kambikara Red Double (4M) Mundu","in stock","new","1035.00 INR","828.00 INR","https://khadivasthra.com/product/kambikara-red-double-4m-mundu/?color=Black&size=4M","https://etjxdomvtsxrnbjmjzxz.supabase.co/storage/v1/object/public/product-images/kambikara-red-double-4m-mundu-color/1786188904857.png","Khadi Vasthra","65b42c77-ebc9-4fc4-8eeb-6382f52d7d70","Black","4M","100% Cotton","White Double Mundu(4Mtre)","","KV-KAMBIK-BLA-4M","unisex","adult"
"f986a7fd-7de2-4d77-b696-496c9554f048","Kambikara Red Double (4M) Mundu  - Red / 4M","Kambikara Red Double (4M) Mundu","in stock","new","1035.00 INR","828.00 INR","https://khadivasthra.com/product/kambikara-red-double-4m-mundu/?color=Red&size=4M","https://etjxdomvtsxrnbjmjzxz.supabase.co/storage/v1/object/public/product-images/kambikara-red-double-4m-mundu-color/1786188931653.png","Khadi Vasthra","65b42c77-ebc9-4fc4-8eeb-6382f52d7d70","Red","4M","100% Cotton","White Double Mundu(4Mtre)","","KV-KAMBIK-RED-4M","unisex","adult"
"66e25d51-3860-4e4c-8ed3-05a1d4aa9dec","Leaf Green Khadi Shirt Bite (2Mtr)","KHADI COTTON – SHIRT BIT * 100% Pure Khadi Cotton * 2 Metres Length * 58 Inch Width * Suitable for Half-Sleeve & Full-Sleeve Shirts * Lightweight & Breathable * Natural Khadi Texture & Finish *Pre-wash Before Stitching to account for natural shrinkage","in stock","new","540.00 INR","486.00 INR","https://khadivasthra.com/product/leaf-green-khadi-shirt-bite-2mtr/","https://etjxdomvtsxrnbjmjzxz.supabase.co/storage/v1/object/public/product-images/1789645749775.png","Khadi Vasthra","","","","100% Cotton","Shirt Bit","","","unisex","adult"
"67dcafa8-dd09-4c59-a516-8095bd3e2aff","Dark Green Border Single White Mundu(2M)","Dark Green Border Single White Mundu(2M)","in stock","new","400.00 INR","360.00 INR","https://khadivasthra.com/product/dark-green-border-single-white-mundu-2m/","https://etjxdomvtsxrnbjmjzxz.supabase.co/storage/v1/object/public/product-images/1784998197602.png","Khadi Vasthra","","","","100% Cotton","Single Mundu","","","unisex","adult"
"6e3142f2-0297-42cb-9663-88cefab73009","Magenta and Golden Cherie kara Set-Mundu(Women's Wear)","Magenta and Golden Cherie kara Set-Mundu(Women's Wear)","in stock","new","890.00 INR","801.00 INR","https://khadivasthra.com/product/magenta-and-golden-cherie-kara-set-mundu-women-s-wear/","https://etjxdomvtsxrnbjmjzxz.supabase.co/storage/v1/object/public/product-images/1774638749990.jpg","Khadi Vasthra","","","","Poly -Cotton"," Set-Mundu","https://etjxdomvtsxrnbjmjzxz.supabase.co/storage/v1/object/public/product-images/1774638753385.jpg","","female","adult"
"7072998e-d7d2-4229-91e0-f0afca1a5b7d","MInimal Art Print Settumundu","MInimal Art Print Settumundu","in stock","new","1625.00 INR","1381.00 INR","https://khadivasthra.com/product/minimal-art-print-settumundu/","https://etjxdomvtsxrnbjmjzxz.supabase.co/storage/v1/object/public/product-images/1774636866775.png","Khadi Vasthra","","Blue/Orange","","Cotton 80%"," Set-Mundu","https://etjxdomvtsxrnbjmjzxz.supabase.co/storage/v1/object/public/product-images/minimal-art-print-settumundu/1774637023809.png","","female","adult"
"71e10c1d-5b8d-44eb-9ddd-c17649267a84","Fancy colour Single Lungi (2M)","Fancy colour Single Lungi (2M)","in stock","new","360.00 INR","324.00 INR","https://khadivasthra.com/product/fancy-colour-single-lungi-2m/","https://etjxdomvtsxrnbjmjzxz.supabase.co/storage/v1/object/public/product-images/1786819291960.png","Khadi Vasthra","","","","100% Cotton","Single Mundu","","","unisex","adult"
"17e45013-86db-4cb7-ab86-30d99c8d39bb","Yellow Coloured Red Textured Khadi Shirt  - Light Yellow / M","Yellow Coloured Red Textured Khadi Shirt","in stock","new","1050.00 INR","945.00 INR","https://khadivasthra.com/product/yellow-coloured-red-textured-khadi-shirt/?color=Light+Yellow&size=M","https://etjxdomvtsxrnbjmjzxz.supabase.co/storage/v1/object/public/product-images/yellow-coloured-red-textured-khadi-shirt-color/1775056799640.png","Khadi Vasthra","73d08b35-ef2a-4baf-97f6-141bed3b4ceb","Light Yellow","M","100% Cotton"," Shirts","https://etjxdomvtsxrnbjmjzxz.supabase.co/storage/v1/object/public/product-images/yellow-coloured-red-textured-khadi-shirt/1775056771170.png","KV-YELLOW-LIG-M","unisex","adult"
"759295b5-0d0e-4f38-a404-8d4b2039b231","Blue Green Khadi Cotton Shirt Bite(2 Mtr)","KHADI COTTON – SHIRT BIT * 100% Pure Khadi Cotton * 2 Metres Length * 58 Inch Width * Suitable for Half-Sleeve & Full-Sleeve Shirts * Lightweight & Breathable * Natural Khadi Texture & Finish *Pre-wash Before Stitching to account for natural shrinkage","in stock","new","540.00 INR","486.00 INR","https://khadivasthra.com/product/blue-green-khadi-cotton-shirt-bite-2-mtr/","https://etjxdomvtsxrnbjmjzxz.supabase.co/storage/v1/object/public/product-images/1789646407379.png","Khadi Vasthra","","","","100% Cotton","Shirt Bit","","","unisex","adult"
"75de1f1d-9ff1-48a7-ab52-94078a34a8f9","Tissue Set-Mundu","Tissue Set-Mundu","in stock","new","1880.00 INR","1692.00 INR","https://khadivasthra.com/product/tissue-set-mundu/","https://etjxdomvtsxrnbjmjzxz.supabase.co/storage/v1/object/public/product-images/1774707499514.jpg","Khadi Vasthra","","","",""," Set-Mundu","https://etjxdomvtsxrnbjmjzxz.supabase.co/storage/v1/object/public/product-images/1774707504676.jpg","","female","adult"
"76bf0794-0830-4dc1-8754-35624297bcae","Narthaki Set Saree","Narthaki Set Saree","in stock","new","1485.00 INR","1262.00 INR","https://khadivasthra.com/product/narthaki-set-saree/","https://etjxdomvtsxrnbjmjzxz.supabase.co/storage/v1/object/public/product-images/1775150152905.jpg","Khadi Vasthra","","","","100% Cotton","Set Saree","","","female","adult"
"76eca9da-bf80-46ea-9882-3e55f2cbfb53","Khadi Cotton Shirt Bit (2Mtr)","KHADI COTTON – SHIRT BIT * 100% Pure Khadi Cotton * 2 Metres Length * 58 Inch Width * Suitable for Half-Sleeve & Full-Sleeve Shirts * Lightweight & Breathable * Natural Khadi Texture & Finish *Pre-wash Before Stitching to account for natural shrinkage","in stock","new","540.00 INR","486.00 INR","https://khadivasthra.com/product/khadi-cotton-shirt-bit-2mtr/","https://etjxdomvtsxrnbjmjzxz.supabase.co/storage/v1/object/public/product-images/1789645909308.png","Khadi Vasthra","","","","100% Cotton","Shirt Bit","","","unisex","adult"
"7b7d2228-114a-44a7-b1cc-f7d3c5f85239","Grey and Silver Border 4.15 Mtr white Double Mundu","Pure Cotton Dhothi perfect for Highwaist , Tall Men","in stock","new","1485.00 INR","1188.00 INR","https://khadivasthra.com/product/grey-and-silver-border-4-15-mtr-white-double-mundu/","https://etjxdomvtsxrnbjmjzxz.supabase.co/storage/v1/object/public/product-images/1784389384038.png","Khadi Vasthra","","","","100% Cotton","4.5m Double Mundu","","","unisex","adult"
"7bc11689-f965-4f25-b5d5-6cc8dfca4ce6","Brown and  Kasavu Premium Set Saress","Cotton and Kasavu Set Saree","in stock","new","1580.00 INR","1343.00 INR","https://khadivasthra.com/product/brown-and-kasavu-premium-set-saress/","https://etjxdomvtsxrnbjmjzxz.supabase.co/storage/v1/object/public/product-images/1785420403946.png","Khadi Vasthra","","","","100% Cotton","Set Saree","https://etjxdomvtsxrnbjmjzxz.supabase.co/storage/v1/object/public/product-images/1785420424560.png","","female","adult"
"7c9044c6-1e77-4462-afc4-d45b87ce7ae0","Flower Print Settumundu(Women's Wear)","Flower Print Settumundu(Women's Wear)","in stock","new","1040.00 INR","832.00 INR","https://khadivasthra.com/product/flower-print-settumundu-women-s-wear/","https://etjxdomvtsxrnbjmjzxz.supabase.co/storage/v1/object/public/product-images/1774637431246.jpg","Khadi Vasthra","","","","Poly-cotton"," Set-Mundu","https://etjxdomvtsxrnbjmjzxz.supabase.co/storage/v1/object/public/product-images/flower-print-settumundu-women-s-wear/1785421225392.png","","female","adult"
"7e0306cd-569d-4d0b-acc7-2c6bf82cb8c1","Violet Kara White Double Mundu","Violet Kara White Double Mundu","in stock","new","840.00 INR","756.00 INR","https://khadivasthra.com/product/violet-kara-white-double-mundu/","https://etjxdomvtsxrnbjmjzxz.supabase.co/storage/v1/object/public/product-images/1775999747670.jpg","Khadi Vasthra","","","","100% Cotton","White Double Mundu(4Mtre)","","","unisex","adult"
"7e75a3ed-7a51-4223-a5dd-91f669bde3ae","Thin Green Kara Double White Mundu","Thin Green Kara Double White Mundu","in stock","new","1000.00 INR","900.00 INR","https://khadivasthra.com/product/thin-green-kara-double-white-mundu/","https://etjxdomvtsxrnbjmjzxz.supabase.co/storage/v1/object/public/product-images/1776000879593.jpg","Khadi Vasthra","","","","100% Cotton","White Double Mundu(4Mtre)","","","unisex","adult"
"7ec55123-8d54-4802-a3e9-c74141b9a696","White Neriya Kara Kavi Mundu","White Neriya Kara Kavi Mundu","in stock","new","460.00 INR","414.00 INR","https://khadivasthra.com/product/white-neriya-kara-kavi-mundu/","https://etjxdomvtsxrnbjmjzxz.supabase.co/storage/v1/object/public/product-images/1775986763440.png","Khadi Vasthra","","","","100% COTTON","Kavi Mundu","","","unisex","adult"
"8250fbac-3318-485b-a17a-8c916efd9db2","Oraneg Red and Silver Border Offwhite Mundu","Oraneg Red and Silver Border Offwhite Mundu","in stock","new","1395.00 INR","1116.00 INR","https://khadivasthra.com/product/oraneg-red-and-silver-border-offwhite-mundu/","https://etjxdomvtsxrnbjmjzxz.supabase.co/storage/v1/object/public/product-images/1786188509427.png","Khadi Vasthra","","","","","Offwhite Double Mundu(4 Mtr)","","","unisex","adult"
"834c7ea1-8694-453f-b341-d1f89429e0c0","Tissue and Cotton Strip Set-Mundu(Women's Wear)","Tissue and Cotton Strip Set-Mundu","in stock","new","2120.00 INR","1908.00 INR","https://khadivasthra.com/product/tissue-and-cotton-strip-set-mundu-women-s-wear/","https://etjxdomvtsxrnbjmjzxz.supabase.co/storage/v1/object/public/product-images/1774702550913.jpg","Khadi Vasthra","","","","Poly- Cotton"," Set-Mundu","https://etjxdomvtsxrnbjmjzxz.supabase.co/storage/v1/object/public/product-images/1774702554793.jpg","","female","adult"
"85ab69d7-41e5-40cd-9b3d-e50647985dc7","Line Textured Blue SIngle Lungi(@M)","Line Textured Blue SIngle Lungi(@M)","in stock","new","360.00 INR","324.00 INR","https://khadivasthra.com/product/line-textured-blue-single-lungi-m/","https://etjxdomvtsxrnbjmjzxz.supabase.co/storage/v1/object/public/product-images/1786819100515.png","Khadi Vasthra","","","","100% Cotton","Single Mundu","","","unisex","adult"
"86702e96-7be5-4fef-8251-4efc2351fce1","Pink and Silver Border Double White Mundu(4Mtre)","Pink and Silver Border Double White Mundu(4Mtre)","in stock","new","1395.00 INR","1116.00 INR","https://khadivasthra.com/product/pink-and-silver-border-double-white-mundu-4mtre/","https://etjxdomvtsxrnbjmjzxz.supabase.co/storage/v1/object/public/product-images/1786817004602.png","Khadi Vasthra","","","","1005 Cotton","White Double Mundu(4Mtre)","https://etjxdomvtsxrnbjmjzxz.supabase.co/storage/v1/object/public/product-images/1786817008180.png","","unisex","adult"
"8c644510-2a75-440f-b31c-d5dd014b1a42","Brown and Golden Kara Premium SettMundu","Brown and Golden Kara Premium SettMundu","in stock","new","2660.00 INR","2261.00 INR","https://khadivasthra.com/product/brown-and-golden-kara-premium-settmundu/","https://etjxdomvtsxrnbjmjzxz.supabase.co/storage/v1/object/public/product-images/1774638297663.jpg","Khadi Vasthra","","","","100% Cotton"," Set-Mundu","","","female","adult"
"8f6775dd-edcc-44be-ad54-aec4a42b71e4","Black Krishna Print Kavi ","Krishna Print Kavi - Black","out of stock","new","380.00 INR","342.00 INR","https://khadivasthra.com/product/krishna-black-print-kavi/","https://etjxdomvtsxrnbjmjzxz.supabase.co/storage/v1/object/public/product-images/1771651616375.png","Khadi Vasthra","","","","100% Cotton","Printed Mundu","","","unisex","adult"
"8fb898a3-df0f-47ba-b87e-a06a9cc548ea","Kasavu (Golden) Border Double Mundu","Kasavu (Golden) Border Double Mundu","in stock","new","980.00 INR","784.00 INR","https://khadivasthra.com/product/kasavu-golden-border-double-mundu/","https://etjxdomvtsxrnbjmjzxz.supabase.co/storage/v1/object/public/product-images/1786188248987.png","Khadi Vasthra","","","","100% Cotton","Offwhite Double Mundu(4 Mtr)","","","unisex","adult"
"9141d535-57b9-457a-a237-de1b01697a26","Teal and Golden Fancy Border Double White Mundu(4Mtre)","Teal and Golden Fancy Border Double White Mundu(4Mtre)","in stock","new","1395.00 INR","1116.00 INR","https://khadivasthra.com/product/teal-and-golden-fancy-border-double-white-mundu-4mtre/","https://etjxdomvtsxrnbjmjzxz.supabase.co/storage/v1/object/public/product-images/1786815684130.png","Khadi Vasthra","","","","100% Cotton","White Double Mundu(4Mtre)","https://etjxdomvtsxrnbjmjzxz.supabase.co/storage/v1/object/public/product-images/1786815689568.png","","unisex","adult"
"9182c99e-5406-450e-9a9e-2a083830f861","Blue and Golden kara Premium Set-Mundu","Blue and Golden kara Premium Set-mundu","in stock","new","2660.00 INR","2261.00 INR","https://khadivasthra.com/product/blue-and-golden-kara-premium-set-mundu/","https://etjxdomvtsxrnbjmjzxz.supabase.co/storage/v1/object/public/product-images/1774638370961.jpg","Khadi Vasthra","","","","100% Cotton"," Set-Mundu","https://etjxdomvtsxrnbjmjzxz.supabase.co/storage/v1/object/public/product-images/1774638376633.jpg","","female","adult"
"94851d53-f791-4381-8d8b-bf6a4b302d7b","Golden Garden with Royal Flower  Set Saree","Peacock and Royal Flower Digital Print Tissue Set Saree","in stock","new","2200.00 INR","1540.00 INR","https://khadivasthra.com/product/golden-garden-with-royal-flower-set-saree/","https://etjxdomvtsxrnbjmjzxz.supabase.co/storage/v1/object/public/product-images/1785842317058.png","Khadi Vasthra","","","","Cotton and Zari","Set Saree","https://etjxdomvtsxrnbjmjzxz.supabase.co/storage/v1/object/public/product-images/1785842323837.png,https://etjxdomvtsxrnbjmjzxz.supabase.co/storage/v1/object/public/product-images/1785842324907.png","","female","adult"
"00a46c62-9db9-4662-8eb2-f21800ca0130","Teal Deer Print Shirt - Teal / S","Teal Deer Print Shirt","in stock","new","1099.00 INR","879.00 INR","https://khadivasthra.com/product/teal-deer-print-shirt/?color=Teal&size=S","https://etjxdomvtsxrnbjmjzxz.supabase.co/storage/v1/object/public/product-images/teal-deer-print-shirt-color/1786386606083.png","Khadi Vasthra","949d8447-4438-440e-8c8a-69f8e13576f5","Teal","S","100% Cotton"," Shirts","https://etjxdomvtsxrnbjmjzxz.supabase.co/storage/v1/object/public/product-images/1786386505046.jpg,https://etjxdomvtsxrnbjmjzxz.supabase.co/storage/v1/object/public/product-images/teal-deer-print-shirt/1786604296220.png","KV-TEAL-D-TEA-S","unisex","adult"
"50d47a6e-d293-44ab-9a65-d900b567efa2","Teal Deer Print Shirt - Teal / M","Teal Deer Print Shirt","in stock","new","1099.00 INR","879.00 INR","https://khadivasthra.com/product/teal-deer-print-shirt/?color=Teal&size=M","https://etjxdomvtsxrnbjmjzxz.supabase.co/storage/v1/object/public/product-images/teal-deer-print-shirt-color/1786386606083.png","Khadi Vasthra","949d8447-4438-440e-8c8a-69f8e13576f5","Teal","M","100% Cotton"," Shirts","https://etjxdomvtsxrnbjmjzxz.supabase.co/storage/v1/object/public/product-images/1786386505046.jpg,https://etjxdomvtsxrnbjmjzxz.supabase.co/storage/v1/object/public/product-images/teal-deer-print-shirt/1786604296220.png","KV-TEAL-D-TEA-M","unisex","adult"
"94a3867f-eab0-4179-a29a-9d685eb3d3b4","Yellow - Green Kara white Double Mundu","Yellow - Green Kara white Double Mundu","in stock","new","930.00 INR","837.00 INR","https://khadivasthra.com/product/yellow-green-kara-white-double-mundu/","https://etjxdomvtsxrnbjmjzxz.supabase.co/storage/v1/object/public/product-images/1775999606988.jpg","Khadi Vasthra","","","","100% Cotton","White Double Mundu(4Mtre)","","","unisex","adult"
"95c85d58-0813-4b69-bb23-b1178734af70","BlueGreen and Kasavu Border 4.15 Mtr Offwhite Double Dhothi","Pure Cotton Dhothi perfect for Highwaist , Tall Men","in stock","new","1485.00 INR","1188.00 INR","https://khadivasthra.com/product/bluegreen-and-kasavu-border-4-15-mtr-offwhite-double-dhothi/","https://etjxdomvtsxrnbjmjzxz.supabase.co/storage/v1/object/public/product-images/1784388893989.png","Khadi Vasthra","","","","100% cotton","4.5m Double Mundu","https://etjxdomvtsxrnbjmjzxz.supabase.co/storage/v1/object/public/product-images/1784388901276.png","","unisex","adult"
"9613f64f-17c4-46b8-b556-ae04d06373c1","Thin Violet Blue Shades Border Double Mundu","Thin Violet Blue Shades Border Double Mundu","in stock","new","1195.00 INR","956.00 INR","https://khadivasthra.com/product/thin-violet-blue-shades-border-double-mundu/","https://etjxdomvtsxrnbjmjzxz.supabase.co/storage/v1/object/public/product-images/1786188419005.png","Khadi Vasthra","","","","100% Cotton","Offwhite Double Mundu(4 Mtr)","https://etjxdomvtsxrnbjmjzxz.supabase.co/storage/v1/object/public/product-images/1786188423475.png","","unisex","adult"
"98f49054-1189-493c-b44d-472d708f974d","Maroon Single (2 Mtre, 4 Mulam) Mundu","Maroon Single (2 Mtre, 4 Mulam) Mundu","in stock","new","360.00 INR","324.00 INR","https://khadivasthra.com/product/maroon-single-2-mtre-4-mulam-mundu/","https://etjxdomvtsxrnbjmjzxz.supabase.co/storage/v1/object/public/product-images/1789115948499.png","Khadi Vasthra","","","","100% Cotton","Single Mundu","","","unisex","adult"
"9aabe5a9-3fb5-4494-a02e-ffeeff81603c","Maroon and Golden Kara Premium Settumund","Maroon and Golden Kara Premium Settumund","in stock","new","2660.00 INR","2261.00 INR","https://khadivasthra.com/product/maroon-and-golden-kara-premium-settumund/","https://etjxdomvtsxrnbjmjzxz.supabase.co/storage/v1/object/public/product-images/1774638208512.jpg","Khadi Vasthra","","","","100% Cotton"," Set-Mundu","https://etjxdomvtsxrnbjmjzxz.supabase.co/storage/v1/object/public/product-images/1774638212018.jpg","","female","adult"
"a2ff545a-4a19-40a7-a8cb-f4d9a981082a","Navy Blue  and Golden VeethiKara Set-mundu(Women's Wear)","Navy Blue and Golden VeethiKara Set-mundu(Women's Wear)","in stock","new","890.00 INR","801.00 INR","https://khadivasthra.com/product/navy-blue-and-golden-veethikara-set-mundu-women-s-wear/","https://etjxdomvtsxrnbjmjzxz.supabase.co/storage/v1/object/public/product-images/minimal-blue-print-set-mundu/1774717182963.jpg","Khadi Vasthra","","","","Poly-Cotton"," Set-Mundu","https://etjxdomvtsxrnbjmjzxz.supabase.co/storage/v1/object/public/product-images/minimal-blue-print-set-mundu/1774717188236.jpg,https://etjxdomvtsxrnbjmjzxz.supabase.co/storage/v1/object/public/product-images/minimal-blue-print-set-mundu/1774717193343.jpg","","female","adult"
"60d7f5f5-1952-490b-8546-78ec4f67bc5d"," Orange Border White Double Mund - Green / 4M","Orange Border White Double Mund","in stock","new","1065.00 INR","852.00 INR","https://khadivasthra.com/product/orange-border-white-double-mund/?color=Green&size=4M","https://etjxdomvtsxrnbjmjzxz.supabase.co/storage/v1/object/public/product-images/orange-border-white-double-mund-color/1786189251592.png","Khadi Vasthra","a652376e-3f83-4e71-97da-bd1b9e79839b","Green","4M","100% Cotton","White Double Mundu(4Mtre)","","KV-ORANGE-GRE-4M","unisex","adult"
"6e98029f-7f60-454f-9cc3-671189d20288"," Orange Border White Double Mund - Ocean green / 4","Orange Border White Double Mund","in stock","new","1065.00 INR","852.00 INR","https://khadivasthra.com/product/orange-border-white-double-mund/?color=Ocean+green&size=4","https://etjxdomvtsxrnbjmjzxz.supabase.co/storage/v1/object/public/product-images/orange-border-white-double-mund-color/1786189335580.png","Khadi Vasthra","a652376e-3f83-4e71-97da-bd1b9e79839b","Ocean green","4","100% Cotton","White Double Mundu(4Mtre)","","KV-ORANGE-OCE-4","unisex","adult"
"ed12db33-0edf-4ccc-becc-304d04865514"," Orange Border White Double Mund - Blue / 4M","Orange Border White Double Mund","in stock","new","1065.00 INR","852.00 INR","https://khadivasthra.com/product/orange-border-white-double-mund/?color=Blue&size=4M","https://etjxdomvtsxrnbjmjzxz.supabase.co/storage/v1/object/public/product-images/orange-border-white-double-mund-color/1786189284890.png","Khadi Vasthra","a652376e-3f83-4e71-97da-bd1b9e79839b","Blue","4M","100% Cotton","White Double Mundu(4Mtre)","","KV-ORANGE-BLU-4M","unisex","adult"
"749577b4-529b-41d3-bc23-b213766739e2","LGreen Linen Shirt - Light Green / L","LGreen Linen Shirt","in stock","new","1299.00 INR","1169.00 INR","https://khadivasthra.com/product/lgreen-linen-shirt/?color=Light+Green&size=L","https://etjxdomvtsxrnbjmjzxz.supabase.co/storage/v1/object/public/product-images/lgreen-linen-shirt-color/1786615422523.jpg","Khadi Vasthra","aa524b27-7f41-477b-af8e-7a61d30b0bbb","Light Green","L","Linen"," Shirts","https://etjxdomvtsxrnbjmjzxz.supabase.co/storage/v1/object/public/product-images/1786615300753.jpg","KV-LGREEN-LIG-L","unisex","adult"
"ae159bf4-2bb3-46d2-8290-7ba6f0ae16a3","Silver Print Ball Border Khadi Black Mundu","Silver Print Ball Border Khadi Black Mundu","out of stock","new","400.00 INR","340.00 INR","https://khadivasthra.com/product/silver-print-ball-border-khadi-black-mundu/","https://etjxdomvtsxrnbjmjzxz.supabase.co/storage/v1/object/public/product-images/1784226247226.png","Khadi Vasthra","","","","100% Cotton","Printed Mundu","","","unisex","adult"
"b1e72816-8650-4b7c-a8a9-670cbfefdd13","Green Border White Double Mundu","Green Border White Double Mundu","in stock","new","960.00 INR","864.00 INR","https://khadivasthra.com/product/green-border-white-double-mundu/","https://etjxdomvtsxrnbjmjzxz.supabase.co/storage/v1/object/public/product-images/1775998339338.jpg","Khadi Vasthra","","","","100% Cotton","White Double Mundu(4Mtre)","","","unisex","adult"
"b28f417f-5f6f-4ce1-8875-2312f042872f","Coffe Brown and Silver Border 4.15 Mtr White Mundu","Pure Cotton Dhothi perfect for Highwaist , Tall Men","in stock","new","1485.00 INR","1040.00 INR","https://khadivasthra.com/product/coffe-brown-and-silver-border-4-15-mtr-white-mundu/","https://etjxdomvtsxrnbjmjzxz.supabase.co/storage/v1/object/public/product-images/1784389521288.png","Khadi Vasthra","","","","100% Cotton","4.5m Double Mundu","https://etjxdomvtsxrnbjmjzxz.supabase.co/storage/v1/object/public/product-images/1784389524564.png","","unisex","adult"
"b64675a6-edfb-439b-968e-138534aeefc8","Half Sleeve Khadi Orange Colour Shirt","Half Sleeve Khadi Orange Colour Shirt","in stock","new","1050.00 INR","945.00 INR","https://khadivasthra.com/product/half-sleeve-khadi-orange-colour-shirt/","https://etjxdomvtsxrnbjmjzxz.supabase.co/storage/v1/object/public/product-images/1775148065388.jpg","Khadi Vasthra","","","","100% Cotton"," Shirts","","","unisex","adult"
"b681cc52-b101-41cc-836f-59d767d4a094","Blue and Light Blue Border White Double Mundu","Blue and Light Blue Border White Double Mundu","in stock","new","1095.00 INR","876.00 INR","https://khadivasthra.com/product/blue-and-light-blue-border-white-double-mundu/","https://etjxdomvtsxrnbjmjzxz.supabase.co/storage/v1/object/public/product-images/1786189142321.png","Khadi Vasthra","","","","","White Double Mundu(4Mtre)","","","unisex","adult"
"ba63547e-002e-4f1b-8468-d9643f0ebc53","Sky Blue Kara Double white Mundu","Sky Blue Kara Double white Mundu","in stock","new","1330.00 INR","1197.00 INR","https://khadivasthra.com/product/sky-blue-kara-double-white-mundu/","https://etjxdomvtsxrnbjmjzxz.supabase.co/storage/v1/object/public/product-images/1776000032304.jpg","Khadi Vasthra","","","","100% Cotton","White Double Mundu(4Mtre)","","","unisex","adult"
"ba8666d1-3c28-4a4d-b06e-12b8cce424af"," Yellow Border Stitch Saral kavi","Yellow Border Stitch Saral kavi","out of stock","new","378.00 INR","340.00 INR","https://khadivasthra.com/product/yellow-border-stitch-saral-kavi/","https://etjxdomvtsxrnbjmjzxz.supabase.co/storage/v1/object/public/product-images/1772033572029.jpg","Khadi Vasthra","","","","100% Cotton","Kavi Mundu","","","unisex","adult"
"bb4b77eb-3245-451b-a553-c88035126b1f","Khadi Cotton Shirt Bite(2mtr)","KHADI COTTON – SHIRT BIT * 100% Pure Khadi Cotton * 2 Metres Length * 58 Inch Width * Suitable for Half-Sleeve & Full-Sleeve Shirts * Lightweight & Breathable * Natural Khadi Texture & Finish *Pre-wash Before Stitching to account for natural shrinkage","in stock","new","540.00 INR","486.00 INR","https://khadivasthra.com/product/khadi-cotton-shirt-bite-2mtr/","https://etjxdomvtsxrnbjmjzxz.supabase.co/storage/v1/object/public/product-images/1789646556199.png","Khadi Vasthra","","","","1005 cotton","Shirt Bit","","","unisex","adult"
"c1a493a6-0ae4-4651-809d-6ead0a8aac19","Blue and Golden Border Handloom Offwhite Double Mundu","Blue and Golden Border Handloom Offwhite Double Mundu","in stock","new","1485.00 INR","1337.00 INR","https://khadivasthra.com/product/blue-and-golden-border-handloom-offwhite-double-mundu/","https://etjxdomvtsxrnbjmjzxz.supabase.co/storage/v1/object/public/product-images/1776681408571.jpg","Khadi Vasthra","","","","100% Cotton","Offwhite Double Mundu(4 Mtr)","https://etjxdomvtsxrnbjmjzxz.supabase.co/storage/v1/object/public/product-images/blue-and-golden-border-handloom-offwhite-double-mundu/1776681517348.jpg","","unisex","adult"
"c1cb8ae8-bf6d-44cb-a6cb-07f4adf9ece8","Black TempleFlower Print with Black Border Kavi Mundu","Green TempleFlower Print with Black Border Kavi Mundu","in stock","new","380.00 INR","342.00 INR","https://khadivasthra.com/product/green-templeflower-print-with-black-border-kavi-mundu/","https://etjxdomvtsxrnbjmjzxz.supabase.co/storage/v1/object/public/product-images/1776689428977.jpg","Khadi Vasthra","","","","100% Cotton","Printed Mundu","","","unisex","adult"
"c1e8b97d-c04b-41ed-b068-596e75bd30ee","Trio Cross Black Printed Single Mundu","Trio Cross Black Printed Single Mundu","out of stock","new","499.00 INR","449.00 INR","https://khadivasthra.com/product/trio-cross-black-printed-single-mundu/","https://etjxdomvtsxrnbjmjzxz.supabase.co/storage/v1/object/public/product-images/1785596367522.png","Khadi Vasthra","","","","100% Cotton","Printed Mundu","","","unisex","adult"
"c382cb87-33a6-4c6b-9fef-246491cd3612","Violet Border Kavi Single Mundu (2Mtre)","100% Pure Cotton 2 More Length for a comfortable, elegant drape Traditional Kavi (Saffron) Colour Soft, breathable & comfortable fabric Authentic traditional Kerala style Suitable for festive occasions & daily wear Lightweight and easy to maintain","in stock","new","460.00 INR","414.00 INR","https://khadivasthra.com/product/violet-border-kavi-single-mundu-2mtre/","https://etjxdomvtsxrnbjmjzxz.supabase.co/storage/v1/object/public/product-images/1788880423323.png","Khadi Vasthra","","","","100% Cotton","Kavi Mundu","","","unisex","adult"
"a460c843-ab24-4049-9453-7f54758099bb","BB Cotton Shirt  - Cream / XL","BB Cotton Shirt","in stock","new","1299.00 INR","1169.00 INR","https://khadivasthra.com/product/bb-cotton-shirt/?color=Cream&size=XL","https://etjxdomvtsxrnbjmjzxz.supabase.co/storage/v1/object/public/product-images/bb-cotton-shirt-color/1786624261642.jpg","Khadi Vasthra","c4470440-9cd9-416f-9186-b246b13777f9","Cream","XL","100% Cotton"," Shirts","https://etjxdomvtsxrnbjmjzxz.supabase.co/storage/v1/object/public/product-images/bb-cotton-shirt/1786624275005.jpg,https://etjxdomvtsxrnbjmjzxz.supabase.co/storage/v1/object/public/product-images/bb-cotton-shirt/1786624275648.jpg","KV-BB-COT-CRE-XL","unisex","adult"
"bc3c000e-852a-4175-ac65-2fa7e2b1794e","BB Cotton Shirt  - Cream / S","BB Cotton Shirt","in stock","new","1299.00 INR","1169.00 INR","https://khadivasthra.com/product/bb-cotton-shirt/?color=Cream&size=S","https://etjxdomvtsxrnbjmjzxz.supabase.co/storage/v1/object/public/product-images/bb-cotton-shirt-color/1786624261642.jpg","Khadi Vasthra","c4470440-9cd9-416f-9186-b246b13777f9","Cream","S","100% Cotton"," Shirts","https://etjxdomvtsxrnbjmjzxz.supabase.co/storage/v1/object/public/product-images/bb-cotton-shirt/1786624275005.jpg,https://etjxdomvtsxrnbjmjzxz.supabase.co/storage/v1/object/public/product-images/bb-cotton-shirt/1786624275648.jpg","KV-BB-COT-CRE-S","unisex","adult"
"cb58928b-bf77-42c6-b01a-e66193a06915","Orange Kara White Double Mundu","Orange Kara White Double Mundu","in stock","new","840.00 INR","756.00 INR","https://khadivasthra.com/product/orange-kara-white-double-mundu/","https://etjxdomvtsxrnbjmjzxz.supabase.co/storage/v1/object/public/product-images/1775999506288.jpg","Khadi Vasthra","","","","100% Cotton","White Double Mundu(4Mtre)","https://etjxdomvtsxrnbjmjzxz.supabase.co/storage/v1/object/public/product-images/1775999509588.jpg","","unisex","adult"
"cc049b97-4b60-4c6a-829e-a6f7285c3391","Green and Yellow Kara Double White Mundu","Green and Yellow Kara Double White Mundu","in stock","new","1390.00 INR","1251.00 INR","https://khadivasthra.com/product/green-and-yellow-kara-double-white-mundu/","https://etjxdomvtsxrnbjmjzxz.supabase.co/storage/v1/object/public/product-images/1776000409934.jpg","Khadi Vasthra","","","","100% Cotton","White Double Mundu(4Mtre)","","","unisex","adult"
"311f5e52-2b5b-487a-97ab-c270ef849c8b","BG Cotton Printed Shirt - Beige / M","BG Cotton Printed Shirt","in stock","new","1299.00 INR","1169.00 INR","https://khadivasthra.com/product/bg-cotton-printed-shirt/?color=Beige&size=M","https://etjxdomvtsxrnbjmjzxz.supabase.co/storage/v1/object/public/product-images/bg-cotton-printed-shirt-color/1786595173027.png","Khadi Vasthra","cc45ed40-e7a4-4ae6-a978-1c500ba192e1","Beige","M","100% Cotton"," Shirts","https://etjxdomvtsxrnbjmjzxz.supabase.co/storage/v1/object/public/product-images/bg-cotton-printed-shirt-color/1786595173910.png,https://etjxdomvtsxrnbjmjzxz.supabase.co/storage/v1/object/public/product-images/1786595102232.png,https://etjxdomvtsxrnbjmjzxz.supabase.co/storage/v1/object/public/product-images/1786595107321.png","KV-BG-COT-BEI-M","unisex","adult"
"69438ba3-4fcc-483b-9d65-77bf9235e95d","BG Cotton Printed Shirt - Beige / L","BG Cotton Printed Shirt","in stock","new","1299.00 INR","1169.00 INR","https://khadivasthra.com/product/bg-cotton-printed-shirt/?color=Beige&size=L","https://etjxdomvtsxrnbjmjzxz.supabase.co/storage/v1/object/public/product-images/bg-cotton-printed-shirt-color/1786595173027.png","Khadi Vasthra","cc45ed40-e7a4-4ae6-a978-1c500ba192e1","Beige","L","100% Cotton"," Shirts","https://etjxdomvtsxrnbjmjzxz.supabase.co/storage/v1/object/public/product-images/bg-cotton-printed-shirt-color/1786595173910.png,https://etjxdomvtsxrnbjmjzxz.supabase.co/storage/v1/object/public/product-images/1786595102232.png,https://etjxdomvtsxrnbjmjzxz.supabase.co/storage/v1/object/public/product-images/1786595107321.png","KV-BG-COT-BEI-L","unisex","adult"
"818edd42-40d8-46fe-a1f2-d29e6f65e66a","BG Cotton Printed Shirt - Beige / XL","BG Cotton Printed Shirt","in stock","new","1299.00 INR","1169.00 INR","https://khadivasthra.com/product/bg-cotton-printed-shirt/?color=Beige&size=XL","https://etjxdomvtsxrnbjmjzxz.supabase.co/storage/v1/object/public/product-images/bg-cotton-printed-shirt-color/1786595173027.png","Khadi Vasthra","cc45ed40-e7a4-4ae6-a978-1c500ba192e1","Beige","XL","100% Cotton"," Shirts","https://etjxdomvtsxrnbjmjzxz.supabase.co/storage/v1/object/public/product-images/bg-cotton-printed-shirt-color/1786595173910.png,https://etjxdomvtsxrnbjmjzxz.supabase.co/storage/v1/object/public/product-images/1786595102232.png,https://etjxdomvtsxrnbjmjzxz.supabase.co/storage/v1/object/public/product-images/1786595107321.png","KV-BG-COT-BEI-XL","unisex","adult"
"c46ce67d-9579-43ec-b388-a09d296f46b9","BG Cotton Printed Shirt - Beige / S","BG Cotton Printed Shirt","in stock","new","1299.00 INR","1169.00 INR","https://khadivasthra.com/product/bg-cotton-printed-shirt/?color=Beige&size=S","https://etjxdomvtsxrnbjmjzxz.supabase.co/storage/v1/object/public/product-images/bg-cotton-printed-shirt-color/1786595173027.png","Khadi Vasthra","cc45ed40-e7a4-4ae6-a978-1c500ba192e1","Beige","S","100% Cotton"," Shirts","https://etjxdomvtsxrnbjmjzxz.supabase.co/storage/v1/object/public/product-images/bg-cotton-printed-shirt-color/1786595173910.png,https://etjxdomvtsxrnbjmjzxz.supabase.co/storage/v1/object/public/product-images/1786595102232.png,https://etjxdomvtsxrnbjmjzxz.supabase.co/storage/v1/object/public/product-images/1786595107321.png","KV-BG-COT-BEI-S","unisex","adult"
"ccf56223-d88a-4193-bfac-03e785e46727","Blue Kara Cream Double Mundu","Premium Cream Colour Double Dhoti With Blue","out of stock","new","1150.00 INR","1035.00 INR","https://khadivasthra.com/product/bluekara0-cream-double-mundu/","https://etjxdomvtsxrnbjmjzxz.supabase.co/storage/v1/object/public/product-images/cream-colour-double-dhoti-3/1771331350832.jpg","Khadi Vasthra","","","","100%","Offwhite Double Mundu(4 Mtr)","https://etjxdomvtsxrnbjmjzxz.supabase.co/storage/v1/object/public/product-images/cream-colour-double-dhoti-3/1771331209685.jpg","","unisex","adult"
"cf6cb8a5-0922-4d21-97eb-d354c7e47399","Mullothu Set-Mundu (women's Wear)","Mullothu Set-Mundu (women's Wear)","in stock","new","1190.00 INR","1071.00 INR","https://khadivasthra.com/product/mullothu-set-mundu-women-s-wear/","https://etjxdomvtsxrnbjmjzxz.supabase.co/storage/v1/object/public/product-images/1774638880567.jpg","Khadi Vasthra","","","","100% Cotton"," Set-Mundu","https://etjxdomvtsxrnbjmjzxz.supabase.co/storage/v1/object/public/product-images/1774638883996.jpg","","female","adult"
"d33bc8c8-eaa7-45bc-bcb5-6a14c642230f","Blue Border Handloom Cotton  Double Mundu(4.10Mtr)","Blue Border Handloom Cotton Double Mundu(4.10Mtr)","in stock","new","1250.00 INR","1000.00 INR","https://khadivasthra.com/product/blue-border-handloom-cotton-double-mundu-4-10mtr/","https://etjxdomvtsxrnbjmjzxz.supabase.co/storage/v1/object/public/product-images/1786815350031.png","Khadi Vasthra","","","","100% Cotton","White Double Mundu(4Mtre)","https://etjxdomvtsxrnbjmjzxz.supabase.co/storage/v1/object/public/product-images/1786815357755.png","","unisex","adult"
"d3742655-952a-460f-afdc-5f6a072e6098","Dark Kavi with Black Border(2 Mt)","100% Pure Cotton 2 More Length for a comfortable, elegant drape Traditional Kavi (Saffron) Colour Soft, breathable & comfortable fabric Authentic traditional Kerala style Suitable for festive occasions & daily wear Lightweight and easy to maintain","in stock","new","440.00 INR","396.00 INR","https://khadivasthra.com/product/dark-kavi-with-black-border-2-mt/","https://etjxdomvtsxrnbjmjzxz.supabase.co/storage/v1/object/public/product-images/1788879558213.png","Khadi Vasthra","","","","","Single Mundu","","","unisex","adult"
"d3bb65e3-c9cc-4a7b-aff0-d5292d9828c7","Grey Border Single White Mundu(2M)","Grey Border Single White Mundu(2M)","in stock","new","400.00 INR","360.00 INR","https://khadivasthra.com/product/grey-border-single-white-mundu-2m/","https://etjxdomvtsxrnbjmjzxz.supabase.co/storage/v1/object/public/product-images/1784998309459.png","Khadi Vasthra","","","","100% Cotton","Single Mundu","","","unisex","adult"
"d4d9e5f4-becb-4296-95da-457eef818533","Ambari Set saree with Embroidery and hand Painted Premium Set Saree","Cotton Set Saree with Embroidery and Hand Painting","in stock","new","1950.00 INR","1658.00 INR","https://khadivasthra.com/product/ambari-set-saree-with-embroidery-and-hand-painted-premium-set-saree/","https://etjxdomvtsxrnbjmjzxz.supabase.co/storage/v1/object/public/product-images/1785419801169.png","Khadi Vasthra","","","","100% Cotton","Set Saree","https://etjxdomvtsxrnbjmjzxz.supabase.co/storage/v1/object/public/product-images/1785419806615.png,https://etjxdomvtsxrnbjmjzxz.supabase.co/storage/v1/object/public/product-images/1785419807827.png,https://etjxdomvtsxrnbjmjzxz.supabase.co/storage/v1/object/public/product-images/1785419809452.png","","female","adult"
"d8b84fdc-4646-4afc-abd4-241ddea1b610","2 Mtr Khadi Cotton Shirt ","KHADI COTTON – SHIRT BIT * 100% Pure Khadi Cotton * 2 Metres Length * 58 Inch Width * Suitable for Half-Sleeve & Full-Sleeve Shirts * Lightweight & Breathable * Natural Khadi Texture & Finish *Pre-wash Before Stitching to account for natural shrinkage","in stock","new","540.00 INR","486.00 INR","https://khadivasthra.com/product/2-mtr-khadi-cotton-shirt/","https://etjxdomvtsxrnbjmjzxz.supabase.co/storage/v1/object/public/product-images/1789642472880.png","Khadi Vasthra","","","","100% Cotton","Shirt Bit","","","unisex","adult"
"e338c823-1d96-42b2-a00b-0c2ab36b8501","Purple Kara Offwhite Handloom Double Mundu ","Purple Kara Offwhite Handloom Double Mundu","in stock","new","1240.00 INR","1116.00 INR","https://khadivasthra.com/product/purple-kara-offwhite-handloom-double-mundu/","https://etjxdomvtsxrnbjmjzxz.supabase.co/storage/v1/object/public/product-images/1776681046894.jpg","Khadi Vasthra","","","","100% Cotton","Offwhite Double Mundu(4 Mtr)","https://etjxdomvtsxrnbjmjzxz.supabase.co/storage/v1/object/public/product-images/1776681050997.jpg","","unisex","adult"
"e4ce418d-4990-4896-8d89-8257c5e6b1d8","Poovu SetMundu (Womens Wear)","Cotton Body , NEriya Kasavu Lines and Flower Screen Prints","in stock","new","1090.00 INR","872.00 INR","https://khadivasthra.com/product/poovu-setmundu-womens-wear/","https://etjxdomvtsxrnbjmjzxz.supabase.co/storage/v1/object/public/product-images/1785421472430.png","Khadi Vasthra","","","","100% Cotton"," Set-Mundu","https://etjxdomvtsxrnbjmjzxz.supabase.co/storage/v1/object/public/product-images/1785421478040.png","","female","adult"
"e4d23d77-1558-49b1-adc5-7575649aa4bc","Royal Petal Tissue Set Saree","Hand Painted Flower Designer Tissue Set Sarees","in stock","new","1994.00 INR","1396.00 INR","https://khadivasthra.com/product/royal-petal-tissue-set-saree/","https://etjxdomvtsxrnbjmjzxz.supabase.co/storage/v1/object/public/product-images/1785841901978.png","Khadi Vasthra","","","","Cotton and Zari","Set Saree","","","female","adult"
"c139894c-8596-4dd1-93f0-3905a26539f9","BEYE Cotton Shirt - Off-White / S","BEYE Cotton Shirt","out of stock","new","1299.00 INR","1169.00 INR","https://khadivasthra.com/product/beye-cotton-shirt/?color=Off-White&size=S","https://etjxdomvtsxrnbjmjzxz.supabase.co/storage/v1/object/public/product-images/beye-cotton-shirt-color/1786624774555.jpg","Khadi Vasthra","e71d072a-4f1b-4966-a7a5-3a4ae36e3f0f","Off-White","S","100% cotton"," Shirts","https://etjxdomvtsxrnbjmjzxz.supabase.co/storage/v1/object/public/product-images/1786624720356.jpg,https://etjxdomvtsxrnbjmjzxz.supabase.co/storage/v1/object/public/product-images/1786624720966.jpg","KV-BEYE-C-OFF-S","unisex","adult"
"e7acba8a-2586-477c-b488-c9e217b30c24","Skygreen and Golden Border 4.5 Mtr Offwhite Double Mundu","Pure Cotton Dhothi perfect for Highwaist , Tall Men","in stock","new","1485.00 INR","1040.00 INR","https://khadivasthra.com/product/skygreen-and-golden-border-4-5-mtr-offwhite-double-mundu/","https://etjxdomvtsxrnbjmjzxz.supabase.co/storage/v1/object/public/product-images/1784389301679.png","Khadi Vasthra","","","","100% Cotton","4.5m Double Mundu","https://etjxdomvtsxrnbjmjzxz.supabase.co/storage/v1/object/public/product-images/1784389307507.png","","unisex","adult"
"ea226ad7-3eb1-4556-8671-4e51338b865c","Fire Orange Silver Border 4.15 mtr white Double Mundu","Pure Cotton Dhothi perfect for Highwaist , Tall Men","in stock","new","1485.00 INR","1040.00 INR","https://khadivasthra.com/product/fire-orange-silver-border-4-15-mtr-white-double-mundu/","https://etjxdomvtsxrnbjmjzxz.supabase.co/storage/v1/object/public/product-images/1784389584275.png","Khadi Vasthra","","","","100% Cotton","4.5m Double Mundu","https://etjxdomvtsxrnbjmjzxz.supabase.co/storage/v1/object/public/product-images/1784389587706.png","","unisex","adult"
"eb722848-632d-44b6-bd85-c0698afe31ed","Green and silver line Border Handloom Offwhite Mundu","Green Border Handloom Offwhite Mundu","in stock","new","1485.00 INR","1337.00 INR","https://khadivasthra.com/product/green-border-handloom-offwhite-mundu/","https://etjxdomvtsxrnbjmjzxz.supabase.co/storage/v1/object/public/product-images/1776681547418.jpg","Khadi Vasthra","","","","100% Cotton","Offwhite Double Mundu(4 Mtr)","https://etjxdomvtsxrnbjmjzxz.supabase.co/storage/v1/object/public/product-images/1776681553135.jpg","","unisex","adult"
"ecb1b96f-232d-41fc-830a-63078a70d67f","Grey Khadi Full Sleeve Shirt","Grey Khadi Shirt","in stock","new","1050.00 INR","945.00 INR","https://khadivasthra.com/product/grey-khadi-shirt/","https://etjxdomvtsxrnbjmjzxz.supabase.co/storage/v1/object/public/product-images/1774938625822.png","Khadi Vasthra","","","","100% Cotton"," Shirts","","","unisex","adult"
"ed57b5c7-6481-4818-b0db-2bd94522ad87","Purple and Golden Kara Double white Mundu","Purple Kara Double white Mundu","in stock","new","1340.00 INR","1206.00 INR","https://khadivasthra.com/product/purple-and-golden-kara-double-white-mundu/","https://etjxdomvtsxrnbjmjzxz.supabase.co/storage/v1/object/public/product-images/1776000592516.jpg","Khadi Vasthra","","","","100% Cotton","White Double Mundu(4Mtre)","","","unisex","adult"
"f09363ad-e09d-4379-a3ca-0e89d952c207"," Grey Lungi (2M)","Grey Lungi (2M)","in stock","new","360.00 INR","324.00 INR","https://khadivasthra.com/product/grey-lungi-2m/","https://etjxdomvtsxrnbjmjzxz.supabase.co/storage/v1/object/public/product-images/grey-lungi-2m/1789116177733.png","Khadi Vasthra","","","","100% Cotton","Single Mundu","","","unisex","adult"
"f2abcc80-a694-41fb-beba-015d53cf4d6c","Peacock Green Border Single White Mundu (2 M)","Peacock Green Border Single White Mundu (2 M)","in stock","new","400.00 INR","360.00 INR","https://khadivasthra.com/product/peacock-green-border-single-white-mundu-2-m/","https://etjxdomvtsxrnbjmjzxz.supabase.co/storage/v1/object/public/product-images/1784998143338.png","Khadi Vasthra","","","","100% Cotton","Single Mundu","","","unisex","adult"
"f336d7c7-dbe1-4ecd-a91c-f9d174db6212","Yellow Border Handloom Cotton White Mundu","Yellow Border Handloom Cotton White Mundu","in stock","new","1250.00 INR","1000.00 INR","https://khadivasthra.com/product/yellow-border-handloom-cotton-white-mundu/","https://etjxdomvtsxrnbjmjzxz.supabase.co/storage/v1/object/public/product-images/1786815522905.png","Khadi Vasthra","","","","100% Cotton","White Double Mundu(4Mtre)","https://etjxdomvtsxrnbjmjzxz.supabase.co/storage/v1/object/public/product-images/1786815527775.png","","unisex","adult"
"84c3922c-490d-4e66-a0bd-d75bfc67905c","Orange Hibiscus Garden Tissue Set Saree - Violet Print / 6M","Orange Hibiscus Garden Tissue Set Saree","in stock","new","2000.00 INR","1400.00 INR","https://khadivasthra.com/product/orange-hibiscus-garden-tissue-set-saree/?color=Violet+Print&size=6M","https://etjxdomvtsxrnbjmjzxz.supabase.co/storage/v1/object/public/product-images/orange-hibiscus-garden-tissue-set-saree-color/1785842899962.png","Khadi Vasthra","f6593e1c-f83b-47b9-b173-1a54a9182acf","Violet Print","6M","Zari and Cotton","Set Saree","https://etjxdomvtsxrnbjmjzxz.supabase.co/storage/v1/object/public/product-images/orange-hibiscus-garden-tissue-set-saree-color/1785842901214.png,https://etjxdomvtsxrnbjmjzxz.supabase.co/storage/v1/object/public/product-images/1785842749269.png","KV-ORANGE-VIO-6M","female","adult"
"b84b0abb-20b2-4d02-a3af-c0ed8e196d2a","Orange Hibiscus Garden Tissue Set Saree - Orange Print / 6M","Orange Hibiscus Garden Tissue Set Saree","in stock","new","2000.00 INR","1400.00 INR","https://khadivasthra.com/product/orange-hibiscus-garden-tissue-set-saree/?color=Orange+Print&size=6M","https://etjxdomvtsxrnbjmjzxz.supabase.co/storage/v1/object/public/product-images/orange-hibiscus-garden-tissue-set-saree-color/1785842884756.png","Khadi Vasthra","f6593e1c-f83b-47b9-b173-1a54a9182acf","Orange Print","6M","Zari and Cotton","Set Saree","https://etjxdomvtsxrnbjmjzxz.supabase.co/storage/v1/object/public/product-images/orange-hibiscus-garden-tissue-set-saree-color/1785842886055.png,https://etjxdomvtsxrnbjmjzxz.supabase.co/storage/v1/object/public/product-images/1785842749269.png","KV-ORANGE-ORA-6M","female","adult"
"f8c97695-9064-4304-bf25-38a935df28ec","Multi Line Peach and golden Kara 4.15 Mtre Double Mundu","Pure Cotton Dhothi perfect for Highwaist , Tall Men","out of stock","new","1485.00 INR","1040.00 INR","https://khadivasthra.com/product/multi-line-peach-and-golden-kara-4-15-mtre-double-mundu/","https://etjxdomvtsxrnbjmjzxz.supabase.co/storage/v1/object/public/product-images/1784388958679.png","Khadi Vasthra","","","","100% Cotton","4.5m Double Mundu","https://etjxdomvtsxrnbjmjzxz.supabase.co/storage/v1/object/public/product-images/1784388963352.png","","unisex","adult"
"f982645c-330a-46e7-8774-f08bafedcd9b","Tissue Printed Saree","Tissue Saree with Prints","in stock","new","1830.00 INR","1464.00 INR","https://khadivasthra.com/product/tissue-printed-saree/","https://etjxdomvtsxrnbjmjzxz.supabase.co/storage/v1/object/public/product-images/1785420568842.png","Khadi Vasthra","","","","Cotton + Zari","Set Saree","https://etjxdomvtsxrnbjmjzxz.supabase.co/storage/v1/object/public/product-images/1785420573190.png","","female","adult"
"fc5dcebd-00f8-4274-8918-3b71c98bd828","Dark Green Single Colour Mundu","Dark Green Single Colour Mundu","out of stock","new","360.00 INR","324.00 INR","https://khadivasthra.com/product/dark-green-single-colour-mundu/","https://etjxdomvtsxrnbjmjzxz.supabase.co/storage/v1/object/public/product-images/1789629904436.png","Khadi Vasthra","","","","","Single Mundu","","","unisex","adult"
"fe026d9c-d9ef-41a1-8f2b-fe4d3846f375","Green beige Khadi Cotton Shirt Bite","KHADI COTTON – SHIRT BIT * 100% Pure Khadi Cotton * 2 Metres Length * 58 Inch Width * Suitable for Half-Sleeve & Full-Sleeve Shirts * Lightweight & Breathable * Natural Khadi Texture & Finish *Pre-wash Before Stitching to account for natural shrinkage","in stock","new","540.00 INR","486.00 INR","https://khadivasthra.com/product/green-beige-khadi-cotton-shirt-bite/","https://etjxdomvtsxrnbjmjzxz.supabase.co/storage/v1/object/public/product-images/1789646507098.png","Khadi Vasthra","","","","100% Cotton","Shirt Bit","","","unisex","adult"
"fe5d2498-1ae3-48a7-b31a-0374041defdf","Black Border Kavi","Black Flower Border Kavi","in stock","new","460.00 INR","414.00 INR","https://khadivasthra.com/product/black-border-kavi-2/","https://etjxdomvtsxrnbjmjzxz.supabase.co/storage/v1/object/public/product-images/1772033817506.jpg","Khadi Vasthra","","","","100% Cotton","Kavi Mundu","","","unisex","adult"
"ff514c4b-646a-45aa-81e9-0e5651a97abd","Dark lined L Kavi Mundu","Dark lined L Kavi","in stock","new","390.00 INR","351.00 INR","https://khadivasthra.com/product/dark-lined-l-kavi-mundu/","https://etjxdomvtsxrnbjmjzxz.supabase.co/storage/v1/object/public/product-images/1775308769641.jpg","Khadi Vasthra","","","","100% Cotton","Kavi Mundu","","","unisex","adult"
